{"cameraMode":{"drawMode":0,"name":"Shaded","section":"Shading Mode"},"sceneLighting":true,"audioPlay":false,"sceneViewState":{"showFog":true,"showMaterialUpdate":false,"showSkybox":true,"showFlares":true,"showImageEffects":true,"showParticleSystems":true},"in2DMode":false,"pivot":{"x":-7.724754333496094,"y":1.6989850997924805,"z":14.016969680786133},"rotation":{"x":0.07785705476999283,"y":-0.3713695704936981,"z":0.0312688834965229,"w":0.9246892929077148},"size":36.99687576293945,"orthographic":false}